Stock list (made-up example: every make and model here is invented),,,,,,,,,,,,,
Item,Make,Model,Dept,Type,Qty,Serial No,Asset Tag,Location,Case,Replacement Value (€),Next PAT,Notes,Supplier
Loudspeaker,Corvo,K12,Sound,Speakers,4,"CK12-0101, CK12-0102, CK12-0103, CK12-0104","A-0101, A-0102, A-0103, A-0104",Bay A1,,"€1,250",30/09/2027,,Corvo Ireland
Amplifier,Corvo,PA4,Sound,Amps,2,"CPA4-2201, CPA4-2202","SH-000501, SH-000502",Bay A1,Amp rack 1,€2400,1.3.27,,Corvo Ireland
Amp rack 1,,,Sound,Cases,1,,,Bay A1,,€300,,,
XLR cable 10 m,,,Sound,Cables,120,,,Bay B2,,€12,,Grey jackets,Cable Co
XLR cable 10 m,,,Sound,Cables,24,,,,Cable trunk 1,€12,,,
Cable trunk 1,,,Sound,Cases,1,,,Bay B2,,,,,
LED par,Brightline,Spot 7,LX,Fixtures,3,"BL7-001
BL7-002
BL7-003",,Bay C1,,€480,2027-01-15,,
Power distro 32A,Halden,D32,Power,Distros,1,HD32-77,,Bay C1,,"1 100,00",09/30/2027,,
Truss 2 m,,,Rigging,Truss,8,,,Yard,,€350,,,
Stage deck 2x1,,,Staging,Decks,6,,,Yard,,€220,,Two with scuffed tops,
